INSERT INTO groups (name, description, mentor_grade_req, mentee_grade_req)
VALUES
	('Group6', 'Grade 6 Group', '9', '6'),
	('Group7', 'Grade 7 Group', '10', '7'),
	('Group8', 'Grade 8 Group', '11', '8'),
	('Group9', 'Grade 9 Group', '12', '9'),
	('Group10', 'Grade 10 Group', '13', '10'),
	('Group11', 'Grade 11 Group', '13', '11'),
	('Group12', 'Grade 12 Group', '13', '12');
INSERT INTO time_slot (day_of_the_week, start_time, end_time, time_slot_id)
VALUES
	('Saturday', '00:00:00', '01:00:00', 1),
	('Saturday', '01:00:00', '02:00:00', 2),
	('Saturday', '02:00:00', '03:00:00', 3),
	('Saturday', '03:00:00', '04:00:00', 4),
	('Saturday', '04:00:00', '05:00:00', 5),
	('Saturday', '05:00:00', '06:00:00', 6),
	('Saturday', '06:00:00', '07:00:00', 7),
	('Saturday', '07:00:00', '08:00:00', 8),
	('Saturday', '08:00:00', '09:00:00', 9),
	('Saturday', '09:00:00', '10:00:00', 10),
	('Saturday', '10:00:00', '11:00:00', 11),
	('Saturday', '11:00:00', '12:00:00', 12),
	('Saturday', '12:00:00', '13:00:00', 13),
	('Saturday', '13:00:00', '14:00:00', 14),
	('Saturday', '14:00:00', '15:00:00', 15),
	('Saturday', '15:00:00', '16:00:00', 16),
	('Saturday', '16:00:00', '17:00:00', 17),
	('Saturday', '17:00:00', '18:00:00', 18),
	('Saturday', '18:00:00', '19:00:00', 19),
	('Saturday', '19:00:00', '20:00:00', 20),
	('Saturday', '20:00:00', '21:00:00', 21),
	('Saturday', '21:00:00', '22:00:00', 22),
	('Saturday', '22:00:00', '23:00:00', 23),
	('Saturday', '23:00:00', '24:00:00', 24),
	('Sunday', '00:00:00', '01:00:00', 25),
	('Sunday', '01:00:00', '02:00:00', 26),
	('Sunday', '02:00:00', '03:00:00', 27),
	('Sunday', '03:00:00', '04:00:00', 28),
	('Sunday', '04:00:00', '05:00:00', 29),
	('Sunday', '05:00:00', '06:00:00', 30),
	('Sunday', '06:00:00', '07:00:00', 31),
	('Sunday', '07:00:00', '08:00:00', 32),
	('Sunday', '08:00:00', '09:00:00', 33),
	('Sunday', '09:00:00', '10:00:00', 34),
	('Sunday', '10:00:00', '11:00:00', 35),
	('Sunday', '11:00:00', '12:00:00', 36),
	('Sunday', '12:00:00', '13:00:00', 37),
	('Sunday', '13:00:00', '14:00:00', 38),
	('Sunday', '14:00:00', '15:00:00', 39),
	('Sunday', '15:00:00', '16:00:00', 40),
	('Sunday', '16:00:00', '17:00:00', 41),
	('Sunday', '17:00:00', '18:00:00', 42),
	('Sunday', '18:00:00', '19:00:00', 43),
	('Sunday', '19:00:00', '20:00:00', 44),
	('Sunday', '20:00:00', '21:00:00', 45),
	('Sunday', '21:00:00', '22:00:00', 46),
	('Sunday', '22:00:00', '23:00:00', 47),
	('Sunday', '23:00:00', '24:00:00', 48);
INSERT INTO users (email, password, name, phone, id) VALUES
    ('lcithexami@gmail.com', 'lcithexami', 'Christopher Robin', '1-800-000-0000',1),
    ('jobs@apple.com', 'apple1', 'Steve Jobs', '1-800-000-0001',2),
    ('bill.gates@microsoft.com', 'windowsF0ne10!', 'Bill Gates', '1-800-999-9999',3),
    ('disney@yahoo.com', 'iOwnEverything', 'Walt Disney', '1-800-129-4289',4),
    ('mickey@disney.com', 'houseOfMouse', 'Mickey Mouse', '1-820-034-7421',5),
    ('minnie@disney.com', 'mickeyMouse', 'Minnie Mouse', '1-800-423-2343',6),
    ('donald@disney.com', 'ewijfw', 'Donald Duck', '1-800-438-3921',7),
    ('daisy@disney.com', 'ogewdwe', 'Daisy Duck', '1-932-123-3731',8),
    ('singingbirds@gmail.com', '12dwarfz?', 'Snow White', '1-213-343-4564',9),
    ('carrots@outlook.com', 'wutsUpDoc?', 'Bugs Bunny', '1-342-829-9291',10),
    ('looney.tunes@gmail.com', 'duckDodgers', 'Daffy Duck', '1-888-555-4444',11),
    ('space.jam@gmail.com', 'greivkboe', 'Lola Bunny', '1-555-555-5555',12),
    ('thatsall@gmail.com', 'folks!', 'Porky Pig', '1-820-111-2222',13),
    ('wabbitSeason@gmail.com', 'wabbitStew', 'Elmer Fudd', '1-777-444-3333',14),
		('chuckperson@gmail.com', 'password123', 'Chuck Person', '1-777-444-3334',15),
		('chuckp@gmail.com', 'password123', 'Chuck Person', '1-777-444-3336',16),
		('yep@gmail.com', 'yep34', 'Cindy Dude', '1-777-444-3338',17),
		('swaggggggrtrafd@gmail.com', 'fdasva3', 'Go Mets', '1-777-444-3378',18),
		('lovethemetz@gmail.com', 'hfgasfav3', 'I Love the Mets', '1-777-444-3358',19),
		('skippy@gmail.com', 'dfava2', 'Chuck Schumer', '1-777-454-3333',20),
		('chip@gmail.com', 'jtrawg2', 'Billy Doe', '1-776-444-3333',21),
		('bimff@gmail.com', 'graegb3', 'Mother Toad', '1-777-420-3333',22),
		('swag@gmail.com', 'rgeabva2', 'Psy', '1-777-444-6433',23),
		('cash@gmail.com', 'jwgasarfg', 'Seal', '1-767-444-3333',24),
		('money@gmail.com', 'gragba3', 'Chuck Guy', '1-796-444-3333',25),
		('drill@gmail.com', 'gravajhy', 'Joe Tool', '1-777-484-3333',26),
		('drums@gmail.com', 'jtywgag', 'Guy Fieti', '1-777-444-4573',27),
		('guitars@gmail.com', 'htraga', 'Toad Friend', '1-777-444-8364',28),
		('ethan@gmail.com', '5t6agra', 'Grandma Mom', '1-777-444-3930',29),
		('matt@gmail.com', 'graevfdae', 'Taylor Yes', '1-777-444-3300',30),
		('anas@gmail.com', 'gragfadr', 'Joe Hello', '1-777-444-3399',31),
		('yuhhhhh@gmail.com', 'gragu564q', 'MC Ride', '1-777-444-3346',32),
		('swagggggg@gmail.com', 'greqag3sd', 'Skippity Bop', '1-723-444-3333',33),
    ('god@god.com', 'iAmGod', 'God', '1-111-111-1111',34);

INSERT INTO meetings (meet_name, date, time_slot_id, capacity, announcement, group_id, meet_id)
VALUES
('History','2021-04-03','22','7','Yoooo pull up','1',1),
('Math','2021-04-03','13','7','Yoooo pull up','2',2),
('English','2021-04-03','12','7','Yoooo pull up','3',3),
('English','2021-04-03','20','7','Yoooo pull up','4',4),
('Math','2021-04-03','16','7','Yoooo pull up','5',5),
('Science','2021-04-03','13','7','Yoooo pull up','6',6),
('Science','2021-04-04','41','7','Yoooo pull up','7',7),
('Science','2021-04-04','37','7','Yoooo pull up','1',8),
('History','2021-04-04','38','7','Yoooo pull up','2',9),
('Math','2021-04-04','22','39','Yoooo pull up','3',10),
('Math','2021-04-04','22','37','Yoooo pull up','4',11),
('History','2021-04-04','22','37','Yoooo pull up','5',12);

INSERT INTO parents(parent_id) VALUES
('1'),
('2'),
('3'),
('4'),
('5'),
('6'),
('7'),
('8'),
('9'),
('10'),
('11');

INSERT INTO students(student_id, grade, parent_id) VALUES
('12','6','1'),
('13','7','2'),
('14','8','3'),
('15','9','4'),
('16','10','5'),
('17','11','6'),
('18','12','7'),
('19','12','8'),
('20','6','9'),
('21','7','10'),
('22','12','11');

INSERT INTO mentees(mentee_id)
VALUES
('12'),
('13'),
('14'),
('15'),
('16'),
('17'),
('18'),
('19'),
('20'),
('21'),
('22');

INSERT INTO mentors(mentor_id)
VALUES
('12'),
('13'),
('14'),
('15'),
('16'),
('17'),
('18'),
('19'),
('20'),
('21'),
('22');

INSERT INTO admins(admin_id) VALUES ('23');


INSERT INTO material(material_id, title, author, type, url, assigned_date, notes) VALUES
('1','History Book', 'Todd', 'History', 'www.History.com', '2021-03-30', 'This is the History book'), 
('2','Math Book', 'Todd', 'Math', 'www.math.com', '2021-03-30', 'This is the math book'),
('3','English Book', 'Todd', 'English', 'www.English.com', '2021-03-30', 'This is the English book'),
('4','English Book', 'Todd', 'English', 'www.English.com', '2021-03-30', 'This is the English book'),
('5','Math Book', 'Todd', 'Math', 'www.math.com', '2021-03-30', 'This is the math book'),
('6','Science Book', 'Todd', 'Science', 'www.Science.com', '2021-03-30', 'This is the Science book'),
('7','Science Book', 'Todd', 'Science', 'www.Science.com', '2021-03-30', 'This is the Science book'),
('8','Science Book', 'Todd', 'Science', 'www.Science.com', '2021-03-30', 'This is the Science book'),
('9','History Book', 'Todd', 'History', 'www.History.com', '2021-03-30', 'This is the History book'),
('10','Math Book', 'Todd', 'Math', 'www.math.com', '2021-03-30', 'This is the math book'),
('11','Math Book', 'Todd', 'Math', 'www.math.com', '2021-03-30', 'This is the math book'),
('12','History Book', 'Todd', 'History', 'www.History.com', '2021-03-30', 'This is the History book');

INSERT INTO assign(meet_id, material_id) VALUES
(1,1),
(2,2),
(3,3),
(4,4),
(5,5),
(6,6),
(7,7),
(8,8),
(9,9),
(10,10);

INSERT INTO enroll(meet_id, mentee_id) VALUES
('1','12'),
('2','13'),
('3','14'),
('4','15'),
('5','16'),
('6','17'),
('7','18'),
('7','19'),
('8','12'),
('9','13'),
('10','14'),
('11','15');

INSERT INTO enroll2(meet_id, mentor_id) VALUES
('1','18'),
('2','18'),
('3','18'),
('4','18'),
('1','22'),
('2','22'),
('3','22'),
('4','22'),
('1','19'),
('2','19'),
('3','19'),
('4','19');
